Category,Sub-category,Sub-sub-category,Name,Readable Name,Readable Name (FR),# of bytes,Byte 1,Byte 2,Variable R/W status,Type,Argument(s) type(s) & value(s),Return type & value,Comments,Description
,,,,,,1,0,,,Other,,,,
,,,\uf014DMS,►DMS,►DMS,1,01,,,Postfix operator,,,,
,,,\uf014Dec,►Dec,►Dec,1,02,,,Postfix operator,,,,
,,,\uf014Frac,►Frac,►Frac,1,03,,,Postfix operator,,,,
,,,\u2192,→,→,1,04,,,Delimiter,,,,
,,,Boxplot,Boxplot,Carré,1,05,,,Other,,,,
,,,[,[,[,1,06,,,Text/Symbol only,,,,
,,,],],],1,07,,,Text/Symbol only,,,,
,,,{,{,{,1,08,,,Text/Symbol only,,,,
,,,},},},1,09,,,Text/Symbol only,,,,
,,,\uf001,ʳ,ʳ,1,0A,,,Postfix operator,,,,
,,,\u00b0,°,°,1,0B,,,Postfix operator,,,,
,,,\uf005,ˉ¹,ˉ¹,1,0C,,,Postfix operator,,,,
,,,\u00b2,²,²,1,0D,,,Postfix operator,,,,
,,,\uf002,ᵀ,ᵀ,1,0E,,,Postfix operator,,,,
,,,\uf00d,³,³,1,0F,,,Postfix operator,,,,
,,,(,(,(,1,10,,,Other,,,,
,,,),),),1,11,,,Other,,,,
,,,round(,round(,arrondi(,1,12,,,Function,,,,
,,,pxl-Test(,pxl-Test(,pxl-Test(,1,13,,,Function,,,,
,,,augment(,augment(,chaîne(,1,14,,,Function,,,,
,,,rowSwap(,rowSwap(,permutLigne(,1,15,,,Function,,,,
,,,row+(,row+(,ligne+(,1,16,,,Function,,,,
,,,*row(,*row(,*ligne(,1,17,,,Function,,,,
,,,*row+(,*row+(,*ligne+(,1,18,,,Function,,,,
,,,max(,max(,max(,1,19,,,Function,,,,
,,,min(,min(,min(,1,1A,,,Function,,,,
,,,R\uf014Pr(,R►Pr(,R►Pr(,1,1B,,,Function,,,,
,,,R\uf014P\u03b8(,R►Pθ(,R►Pθ(,1,1C,,,Function,,,,
,,,P\uf014Rx(,P►Rx(,P►Rx(,1,1D,,,Function,,,,
,,,P\uf014Ry(,P►Ry(,P►Ry(,1,1E,,,Function,,,,
,,,median(,median(,médianne,1,1F,,,Function,,,,
,,,randM(,randM(,MatAléat(,1,20,,,Function,,,,
,,,mean(,mean(,moyenne(,1,21,,,Function,,,,
,,,solve(,solve(,résoudre(,1,22,,,Function,,,,
,,,seq(,seq(,suite(,1,23,,,Function,,,,
,,,fnInt(,fnInt(,fnInt(,1,24,,,Function,,,,
,,,nDeriv(,nDeriv(,nDeriv(,1,25,,,Function,,,,
,,,fMin(,fMin(,fMin(,1,27,,,Function,,,,
,,,fMax(,fMax(,fMax(,1,28,,,Function,,,,
,,, , , ,1,29,,,Text/Symbol only,,,,
,,,"""","""","""",1,2A,,,Delimiter,,,,
,,,",",",",",",1,2B,,,Text/Symbol only,,,,
,,,\uf02f,i,i,1,2C,,Read-only,Constant,,,Complex i,
,,,!,!,!,1,2D,,,Postfix operator,,,,
,,,CubicReg ,CubicReg ,RegCubique ,1,2E,,,Function,,,,
,,,QuartReg ,QuartReg ,RegQuatre ,1,2F,,,Function,,,,
,,,0,0,0,1,30,,Read-only,Constant,,,,
,,,1,1,1,1,31,,Read-only,Constant,,,,
,,,2,2,2,1,32,,Read-only,Constant,,,,
,,,3,3,3,1,33,,Read-only,Constant,,,,
,,,4,4,4,1,34,,Read-only,Constant,,,,
,,,5,5,5,1,35,,Read-only,Constant,,,,
,,,6,6,6,1,36,,Read-only,Constant,,,,
,,,7,7,7,1,37,,Read-only,Constant,,,,
,,,8,8,8,1,38,,Read-only,Constant,,,,
,,,9,9,9,1,39,,Read-only,Constant,,,,
,,,.,.,.,1,3A,,,Text/Symbol only,,,,
,,,\uf000,ᴇ,ᴇ,1,3B,,,Infix operator,,,,
,,," or "," or "," ou ",1,3C,,,Infix operator,,,,
,,," xor "," xor "," ouExcl ",1,3D,,,Infix operator,,,,"on French CE, it is still ' xor '..."
,,,:,:,:,1,3E,,,Delimiter,,,,
,,,\n,"
","
",1,3F,,,Delimiter,,,,
,,," and "," and "," et ",1,40,,,Infix operator,,,,
,,,A,A,A,1,41,,Read/Write,Variable,,,,
,,,B,B,B,1,42,,Read/Write,Variable,,,,
,,,C,C,C,1,43,,Read/Write,Variable,,,,
,,,D,D,D,1,44,,Read/Write,Variable,,,,
,,,E,E,E,1,45,,Read/Write,Variable,,,,
,,,F,F,F,1,46,,Read/Write,Variable,,,,
,,,G,G,G,1,47,,Read/Write,Variable,,,,
,,,H,H,H,1,48,,Read/Write,Variable,,,,
,,,I,I,I,1,49,,Read/Write,Variable,,,,
,,,J,J,J,1,4A,,Read/Write,Variable,,,,
,,,K,K,K,1,4B,,Read/Write,Variable,,,,
,,,L,L,L,1,4C,,Read/Write,Variable,,,,
,,,M,M,M,1,4D,,Read/Write,Variable,,,,
,,,N,N,N,1,4E,,Read/Write,Variable,,,,
,,,O,O,O,1,4F,,Read/Write,Variable,,,,
,,,P,P,P,1,50,,Read/Write,Variable,,,,
,,,Q,Q,Q,1,51,,Read/Write,Variable,,,,
,,,R,R,R,1,52,,Read/Write,Variable,,,,
,,,S,S,S,1,53,,Read/Write,Variable,,,,
,,,T,T,T,1,54,,Read/Write,Variable,,,,
,,,U,U,U,1,55,,Read/Write,Variable,,,,
,,,V,V,V,1,56,,Read/Write,Variable,,,,
,,,W,W,W,1,57,,Read/Write,Variable,,,,
,,,X,X,X,1,58,,Read/Write,Variable,,,,
,,,Y,Y,Y,1,59,,Read/Write,Variable,,,,
,,,Z,Z,Z,1,5A,,Read/Write,Variable,,,,
,,,\u03b8,θ,θ,1,5B,,Read/Write,Variable,,,,
,,,[A],[A],[A],2,5C,0,Read/Write,Variable,,,,
,,,[B],[B],[B],2,5C,1,Read/Write,Variable,,,,
,,,[C],[C],[C],2,5C,2,Read/Write,Variable,,,,
,,,[D],[D],[D],2,5C,3,Read/Write,Variable,,,,
,,,[E],[E],[E],2,5C,4,Read/Write,Variable,,,,
,,,[F],[F],[F],2,5C,5,Read/Write,Variable,,,,
,,,[G],[G],[G],2,5C,6,Read/Write,Variable,,,,
,,,[H],[H],[H],2,5C,7,Read/Write,Variable,,,,
,,,[I],[I],[I],2,5C,8,Read/Write,Variable,,,,
,,,[J],[J],[J],2,5C,9,Read/Write,Variable,,,,
,,,L\u2081,L₁,L₁,2,5D,0,Read/Write,Variable,,,,
,,,L\u2082,L₂,L₂,2,5D,1,Read/Write,Variable,,,,
,,,L\u2083,L₃,L₃,2,5D,2,Read/Write,Variable,,,,
,,,L\u2084,L₄,L₄,2,5D,3,Read/Write,Variable,,,,
,,,L\u2085,L₅,L₅,2,5D,4,Read/Write,Variable,,,,
,,,L\u2086,L₆,L₆,2,5D,5,Read/Write,Variable,,,,
,,,Y\u2081,Y₁,Y₁,2,5E,10,Read/Write,Variable,,,,
,,,Y\u2082,Y₂,Y₂,2,5E,11,Read/Write,Variable,,,,
,,,Y\u2083,Y₃,Y₃,2,5E,12,Read/Write,Variable,,,,
,,,Y\u2084,Y₄,Y₄,2,5E,13,Read/Write,Variable,,,,
,,,Y\u2085,Y₅,Y₅,2,5E,14,Read/Write,Variable,,,,
,,,Y\u2086,Y₆,Y₆,2,5E,15,Read/Write,Variable,,,,
,,,Y\u2087,Y₇,Y₇,2,5E,16,Read/Write,Variable,,,,
,,,Y\u2088,Y₈,Y₈,2,5E,17,Read/Write,Variable,,,,
,,,Y\u2089,Y₉,Y₉,2,5E,18,Read/Write,Variable,,,,
,,,Y\u2080,Y₀,Y₀,2,5E,19,Read/Write,Variable,,,,
,,,X\u2081\uf038,X₁ᴛ,X₁ᴛ,2,5E,20,Read/Write,Variable,,,,
,,,Y\u2081\uf038,Y₁ᴛ,Y₁ᴛ,2,5E,21,Read/Write,Variable,,,,
,,,X\u2082\uf038,X₂ᴛ,X₂ᴛ,2,5E,22,Read/Write,Variable,,,,
,,,Y\u2082\uf038,Y₂ᴛ,Y₂ᴛ,2,5E,23,Read/Write,Variable,,,,
,,,X\u2083\uf038,X₃ᴛ,X₃ᴛ,2,5E,24,Read/Write,Variable,,,,
,,,Y\u2083\uf038,Y₃ᴛ,Y₃ᴛ,2,5E,25,Read/Write,Variable,,,,
,,,X\u2084\uf038,X₄ᴛ,X₄ᴛ,2,5E,26,Read/Write,Variable,,,,
,,,Y\u2084\uf038,Y₄ᴛ,Y₄ᴛ,2,5E,27,Read/Write,Variable,,,,
,,,X\u2085\uf038,X₅ᴛ,X₅ᴛ,2,5E,28,Read/Write,Variable,,,,
,,,Y\u2085\uf038,Y₅ᴛ,Y₅ᴛ,2,5E,29,Read/Write,Variable,,,,
,,,X\u2086\uf038,X₆ᴛ,X₆ᴛ,2,5E,2A,Read/Write,Variable,,,,
,,,Y\u2086\uf038,Y₆ᴛ,Y₆ᴛ,2,5E,2B,Read/Write,Variable,,,,
,,,r\u2081,r₁,r₁,2,5E,40,Read/Write,Variable,,,,
,,,r\u2082,r₂,r₂,2,5E,41,Read/Write,Variable,,,,
,,,r\u2083,r₃,r₃,2,5E,42,Read/Write,Variable,,,,
,,,r\u2084,r₄,r₄,2,5E,43,Read/Write,Variable,,,,
,,,r\u2085,r₅,r₅,2,5E,44,Read/Write,Variable,,,,
,,,r\u2086,r₆,r₆,2,5E,45,Read/Write,Variable,,,,
,,,u,|u,|u,2,5E,80,Read/Write,Variable,,,,
,,,v,|v,|v,2,5E,81,Read/Write,Variable,,,,
,,,w,|w,|w,2,5E,82,Read/Write,Variable,,,,
,,,prgm,prgm,prgm,1,5F,,,Other,,,,
,,,Pic1,Pic1,Img1,2,60,0,Read/Write,Variable,,,,
,,,Pic2,Pic2,Img2,2,60,1,Read/Write,Variable,,,,
,,,Pic3,Pic3,Img3,2,60,2,Read/Write,Variable,,,,
,,,Pic4,Pic4,Img4,2,60,3,Read/Write,Variable,,,,
,,,Pic5,Pic5,Img5,2,60,4,Read/Write,Variable,,,,
,,,Pic6,Pic6,Img6,2,60,5,Read/Write,Variable,,,,
,,,Pic7,Pic7,Img7,2,60,6,Read/Write,Variable,,,,
,,,Pic8,Pic8,Img8,2,60,7,Read/Write,Variable,,,,
,,,Pic9,Pic9,Img9,2,60,8,Read/Write,Variable,,,,
,,,Pic0,Pic0,Img0,2,60,9,Read/Write,Variable,,,,
,,,GDB1,GDB1,BDG1,2,61,0,Read/Write,Variable,,,,
,,,GDB2,GDB2,BDG2,2,61,1,Read/Write,Variable,,,,
,,,GDB3,GDB3,BDG3,2,61,2,Read/Write,Variable,,,,
,,,GDB4,GDB4,BDG4,2,61,3,Read/Write,Variable,,,,
,,,GDB5,GDB5,BDG5,2,61,4,Read/Write,Variable,,,,
,,,GDB6,GDB6,BDG6,2,61,5,Read/Write,Variable,,,,
,,,GDB7,GDB7,BDG7,2,61,6,Read/Write,Variable,,,,
,,,GDB8,GDB8,BDG8,2,61,7,Read/Write,Variable,,,,
,,,GDB9,GDB9,BDG9,2,61,8,Read/Write,Variable,,,,
,,,GDB0,GDB0,BDG0,2,61,9,Read/Write,Variable,,,,
,,,RegEQ,RegEQ,RegEQ,2,62,1,Read-only,Variable,,,,
,,,n,n,n,2,62,2,Read-only,Variable,,,,
,,,\uf003,ẋ,ẋ,2,62,3,Read-only,Variable,,,,
,,,\u03a3x,Σx,Σx,2,62,4,Read-only,Variable,,,,
,,,\u03a3x\u00b2,Σx²,Σx²,2,62,5,Read-only,Variable,,,,
,,,Sx,[Sx],[Sx],2,62,6,Read-only,Variable,,,,
,,,\u03c3x,σx,σx,2,62,7,Read-only,Variable,,,,
,,,minX,[minX],[minX],2,62,8,Read-only,Variable,,,,
,,,maxX,[maxX],[maxX],2,62,9,Read-only,Variable,,,,
,,,minY,[minY],[minY],2,62,0A,Read-only,Variable,,,,
,,,maxY,[maxY],[maxY],2,62,0B,Read-only,Variable,,,,
,,,\uf004,ȳ,ȳ,2,62,0C,Read-only,Variable,,,,
,,,\u03a3y,Σy,Σy,2,62,0D,Read-only,Variable,,,,
,,,\u03a3y\u00b2,Σy²,Σy²,2,62,0E,Read-only,Variable,,,,
,,,Sy,[Sy],[Sy],2,62,0F,Read-only,Variable,,,,
,,,\u03c3y,σy,σy,2,62,10,Read-only,Variable,,,,
,,,\u03a3xy,Σxy,Σxy,2,62,11,Read-only,Variable,,,,
,,,r,[r],[r],2,62,12,Read-only,Variable,,,,
,,,Med,[Med],[Med],2,62,13,Read-only,Variable,,,,
,,,Q\u2081,[Q1],[Q1],2,62,14,Read-only,Variable,,,,
,,,Q\u2083,[Q3],[Q3],2,62,15,Read-only,Variable,,,,
,,,a,[|a],[|a],2,62,16,Read-only,Variable,,,,
,,,b,[|b],[|b],2,62,17,Read-only,Variable,,,,
,,,c,[|c],[|c],2,62,18,Read-only,Variable,,,,
,,,d,[|d],[|d],2,62,19,Read-only,Variable,,,,
,,,e,[|e],[|e],2,62,1A,Read-only,Variable,,,,
,,,x\u2081,x₁,x₁,2,62,1B,Read-only,Variable,,,,
,,,x\u2082,x₂,x₂,2,62,1C,Read-only,Variable,,,,
,,,x\u2083,x₃,x₃,2,62,1D,Read-only,Variable,,,,
,,,y\u2081,y₁,y₁,2,62,1E,Read-only,Variable,,,,
,,,y\u2082,y₂,y₂,2,62,1F,Read-only,Variable,,,,
,,,y\u2083,y₃,y₃,2,62,20,Read-only,Variable,,,,
,,,\uf00e,[recursiven],[recursiven],2,62,21,Read-only,Variable,,,,
,,,p,[p],[p],2,62,22,Read-only,Variable,,,,
,,,z,[z],[z],2,62,23,Read-only,Variable,,,,
,,,t,[t],[t],2,62,24,Read-only,Variable,,,,
,,,\u03c7\u00b2,χ²,χ²,2,62,25,Read-only,Variable,,,,
,,,\uf021,[|F],[|F],2,62,26,Read-only,Variable,,,,
,,,df,[df],[df],2,62,27,Read-only,Variable,,,,
,,,\uf022,[ṗ],[ṗ],2,62,28,Read-only,Variable,,,,
,,,\uf022\u2081,ṗ₁,ṗ₁,2,62,29,Read-only,Variable,,,,
,,,\uf022\u2082,ṗ₂,ṗ₂,2,62,2A,Read-only,Variable,,,,
,,,\uf003\u2081,ẋ₁,ẋ₁,2,62,2B,Read-only,Variable,,,,
,,,Sx\u2081,Sx₁,Sx₁,2,62,2C,Read-only,Variable,,,,
,,,n\u2081,n₁,n₁,2,62,2D,Read-only,Variable,,,,
,,,\uf003\u2082,ẋ₂,ẋ₂,2,62,2E,Read-only,Variable,,,,
,,,Sx\u2082,Sx₂,Sx₂,2,62,2F,Read-only,Variable,,,,
,,,n\u2082,n₂,n₂,2,62,30,Read-only,Variable,,,,
,,,Sxp,[Sxp],[Sxp],2,62,31,Read-only,Variable,,,,
,,,lower,[lower],[lower],2,62,32,Read-only,Variable,,,,
,,,upper,[upper],[upper],2,62,33,Read-only,Variable,,,,
,,,s,[s],[s],2,62,34,Read-only,Variable,,,,
,,,r\u00b2,r²,r²,2,62,35,Read-only,Variable,,,,
,,,R\u00b2,R²,R²,2,62,36,Read-only,Variable,,,,
,,,[factordf],[factordf],[factordf],2,62,37,,Text/Symbol only,,,,
,,,[factorSS],[factorSS],[factorSS],2,62,38,,Text/Symbol only,,,,
,,,[factorMS],[factorMS],[factorMS],2,62,39,,Text/Symbol only,,,,
,,,[errordf],[errordf],[errordf],2,62,3A,,Text/Symbol only,,,,
,,,[errorSS],[errorSS],[errorSS],2,62,3B,,Text/Symbol only,,,,
,,,[errorMS],[errorMS],[errorMS],2,62,3C,,Text/Symbol only,,,,
,,,ZXscl,ZXscl,ZXscl,2,63,0,Read/Write,Variable,,,,
,,,ZYscl,ZYscl,ZYscl,2,63,1,Read/Write,Variable,,,,
,,,Xscl,Xscl,Xscl,2,63,2,Read/Write,Variable,,,,
,,,Yscl,Yscl,Yscl,2,63,3,Read/Write,Variable,,,,
,,,u(\uf00eMin),u(nMin),u(nMin),2,63,4,Read/Write,Variable,,,,
,,,v(\uf00eMin),v(nMin),v(nMin),2,63,5,Read/Write,Variable,,,,
,,,Un-₁,Un-₁,Un-₁,2,63,6,Read/Write,Variable,,,,
,,,Vn-₁,Vn-₁,Vn-₁,2,63,7,Read/Write,Variable,,,,
,,,Zu(\uf00eMin),Zu(nmin),Zu(nmin),2,63,8,Read/Write,Variable,,,,
,,,Zv(\uf00eMin),Zv(nmin),Zv(nmin),2,63,9,Read/Write,Variable,,,,
,,,Xmin,Xmin,Xmin,2,63,0A,Read/Write,Variable,,,,
,,,Xmax,Xmax,Xmax,2,63,0B,Read/Write,Variable,,,,
,,,Ymin,Ymin,Ymin,2,63,0C,Read/Write,Variable,,,,
,,,Ymax,Ymax,Ymax,2,63,0D,Read/Write,Variable,,,,
,,,Tmin,Tmin,Tmin,2,63,0E,Read/Write,Variable,,,,
,,,Tmax,Tmax,Tmax,2,63,0F,Read/Write,Variable,,,,
,,,\u03b8min,θMin,θMin,2,63,10,Read/Write,Variable,,,,
,,,\u03b8max,θMax,θMax,2,63,11,Read/Write,Variable,,,,
,,,ZXmin,ZXmin,ZXmin,2,63,12,Read/Write,Variable,,,,
,,,ZXmax,ZXmax,ZXmax,2,63,13,Read/Write,Variable,,,,
,,,ZYmin,ZYmin,ZYmin,2,63,14,Read/Write,Variable,,,,
,,,ZYmax,ZYmax,ZYmax,2,63,15,Read/Write,Variable,,,,
,,,Z\u03b8min,Zθmin,Zθmin,2,63,16,Read/Write,Variable,,,,
,,,Z\u03b8max,Zθmax,Zθmax,2,63,17,Read/Write,Variable,,,,
,,,ZTmin,ZTmin,ZTmin,2,63,18,Read/Write,Variable,,,,
,,,ZTmax,ZTmax,ZTmax,2,63,19,Read/Write,Variable,,,,
,,,TblStart,TblStart,TblStart,2,63,1A,Read/Write,Variable,,,,
,,,PlotStart,PlotStart,PlotStart,2,63,1B,Read/Write,Variable,,,,
,,,ZPlotStart,ZPlotStart,ZPlotStart,2,63,1C,Read/Write,Variable,,,,
,,,\uf00eMax,nMax,nMax,2,63,1D,Read/Write,Variable,,,,
,,,Z\uf00eMax,ZnMax,ZnMax,2,63,1E,Read/Write,Variable,,,,
,,,\uf00eMin,nMin,nMin,2,63,1F,Read/Write,Variable,,,,
,,,Z\uf00eMin,ZnMin,ZnMin,2,63,20,Read/Write,Variable,,,,
,,,\uf024Tbl,∆Tbl,∆Tbl,2,63,21,Read/Write,Variable,,,,
,,,Tstep,Tstep,Tstep,2,63,22,Read/Write,Variable,,,,
,,,\u03b8step,θstep,θstep,2,63,23,Read/Write,Variable,,,,
,,,ZTstep,ZTstep,ZTstep,2,63,24,Read/Write,Variable,,,,
,,,Z\u03b8step,Zθstep,Zθstep,2,63,25,Read/Write,Variable,,,,
,,,\uf024X,∆X,∆X,2,63,26,Read/Write,Variable,,,,
,,,\uf024Y,∆Y,∆Y,2,63,27,Read/Write,Variable,,,,
,,,XFact,XFact,XFact,2,63,28,Read/Write,Variable,,,,
,,,YFact,YFact,YFact,2,63,29,Read/Write,Variable,,,,
,,,TblInput,TblInput,TblInput,2,63,2A,Read/Write,Variable,list,,,
,,,\u015a,|N,|N,2,63,2B,Read/Write,Variable,,,,
,,,I%,I%,I%,2,63,2C,Read/Write,Variable,,,,
,,,PV,PV,PV,2,63,2D,Read/Write,Variable,,,,
,,,PMT,PMT,PMT,2,63,2E,Read/Write,Variable,,,,
,,,FV,FV,FV,2,63,2F,Read/Write,Variable,,,,
,,,P/Y,|P/Y,|P/Y,2,63,30,Read/Write,Variable,,,,
,,,C/Y,|C/Y,|C/Y,2,63,31,Read/Write,Variable,,,,
,,,w(\uf00eMin),w(nMin),w(nMin),2,63,32,Read/Write,Variable,,,,
,,,Zw(\uf00eMin),Zw(nMin),Zw(nMin),2,63,33,Read/Write,Variable,,,,
,,,PlotStep,PlotStep,GraphPas,2,63,34,Read/Write,Variable,,,,
,,,ZPlotStep,ZPlotStep,ZgraphPas,2,63,35,Read/Write,Variable,,,,
,,,Xres,Xres,Xres,2,63,36,Read/Write,Variable,,,,
,,,ZXres,ZXres,ZXres,2,63,37,Read/Write,Variable,,,,
,,,TraceStep,TraceStep,TracePas,2,63,38,Read/Write,Variable,,,,
,,,Radian,Radian,Radian,1,64,,,Action,,,,
,,,Degree,Degree,Degré,1,65,,,Action,,,,
,,,Normal,Normal,Normal,1,66,,,Action,,,,
,,,Sci,Sci,Sci,1,67,,,Action,,,,
,,,Eng,Eng,Ing,1,68,,,Action,,,,
,,,Float,Float,Flottant,1,69,,,Action,,,,
,,,=,=,=,1,6A,,,Infix operator,,,,
,,,<,<,<,1,6B,,,Infix operator,,,,
,,,>,>,>,1,6C,,,Infix operator,,,,
,,,\u2264,≤,≤,1,6D,,,Infix operator,,,,
,,,\u2265,≥,≥,1,6E,,,Infix operator,,,,
,,,\u2260,≠,≠,1,6F,,,Infix operator,,,,
,,,+,+,+,1,70,,,Infix operator,,,,
,,,-,-,-,1,71,,,Infix operator,,,,
,,,Ans,Ans,Rep,1,72,,Read-only,Variable,,,,
,,,Fix ,Fix ,Fixe ,1,73,,,Function,,,,
,,,Horiz,Horiz,Horiz,1,74,,,Action,,,,
,,,Full,Full,PleinEcr,1,75,,,Action,,,,
,,,Func,Func,Fonct,1,76,,,Action,,,,
,,,Param,Param,Param,1,77,,,Action,,,,
,,,Polar,Polar,Polaire,1,78,,,Action,,,,
,,,Seq,Seq,Suite,1,79,,,Action,,,,
,,,IndpntAuto,IndpntAuto,ValeursAuto,1,7A,,,Action,,,,
,,,IndpntAsk,IndpntAsk,ValeursDem,1,7B,,,Action,,,,
,,,DependAuto,DependAuto,CalculsAuto,1,7C,,,Action,,,,
,,,DependAsk,DependAsk,CalculsDem,1,7D,,,Action,,,,
,,,Sequential,Sequential,Séquentiel,2,7E,0,,Action,,,,
,,,Simul,Simul,Simul,2,7E,1,,Action,,,,
,,,PolarGC,PolarGC,CoordPol,2,7E,2,,Action,,,,
,,,RectGC,RectGC,CoordRect,2,7E,3,,Action,,,,
,,,CoordOn,CoordOn,CoordAff,2,7E,4,,Action,,,,
,,,CoordOff,CoordOff,CoordNAff,2,7E,5,,Action,,,,
,,,Connected,Connected,Relié,2,7E,6,,Action,,,,
,,,Thick,Thick,Thick,2,7E,6,,Action,,,Alias ?,
,,,Dot,Dot,NonRelié,2,7E,7,,Action,,,,
,,,Dot-Thick,Dot-Thick,Dot-Thick,2,7E,7,,Action,,,Alias ?,
,,,AxesOn ,AxesOn ,AxesAff ,2,7E,8,,Action,,,,
,,,AxesOff,AxesOff,AxesNAff,2,7E,9,,Action,,,,
,,,GridDot ,GridDot ,GridDot ,2,7E,0A,,Action,,,,
,,,GridOn,GridOn,QuadAff,2,7E,0A,,Action,,,,
,,,GridOff,GridOff,QuadNAff,2,7E,0B,,Action,,,,
,,,LabelOn,LabelOn,EtiqAff,2,7E,0C,,Action,,,,
,,,LabelOff,LabelOff,EtiqNAff,2,7E,0D,,Action,,,,
,,,Web,Web,Toile,2,7E,0E,,Action,,,,
,,,Time,Time,f(n),2,7E,0F,,Action,,,,
,,,uvAxes,uvAxes,uvAxes,2,7E,10,,Action,,,,
,,,vwAxes,vwAxes,vwAxes,2,7E,11,,Action,,,,
,,,uwAxes,uwAxes,uwAxes,2,7E,12,,Action,,,,
,,,Graph Format,Graph Format,Graph Format,1,7E,,,Other,,,,
,,,\u25ab,□,□,1,7F,,,Text/Symbol only,,,,
,,,\u207a,﹢,﹢,1,80,,,Text/Symbol only,,,,
,,,\u2022,·,·,1,81,,,Text/Symbol only,,,,
,,,*,*,*,1,82,,,Infix operator,,,,
,,,/,/,/,1,83,,,Infix operator,,,,
,,,Trace,Trace,Trace,1,84,,,Action,,,,
,,,ClrDraw,ClrDraw,EffDessin,1,85,,,Action,,,,
,,,ZStandard,ZStandard,ZStandard,1,86,,,Action,,,,
,,,ZTrig,ZTrig,ZTrig,1,87,,,Action,,,,
,,,ZBox,ZBox,Zboîte,1,88,,,Action,,,,
,,,Zoom In,Zoom In,Zoom +,1,89,,,Action,,,,
,,,Zoom Out,Zoom Out,Zoom -,1,8A,,,Action,,,,
,,,ZSquare,ZSquare,Zorthonormal,1,8B,,,Action,,,,
,,,ZInteger,ZInteger,ZintConf,1,8C,,,Action,,,,
,,,ZPrevious,ZPrevious,Zprécédent,1,8D,,,Action,,,,
,,,ZDecimal,ZDecimal,Zdécimal,1,8E,,,Action,,,,
,,,ZoomStat,ZoomStat,ZoomStat,1,8F,,,Action,,,,
,,,ZoomRcl,ZoomRcl,ZoomRpl,1,90,,,Action,,,,
,,,PrintScreen,PrintScreen,PrintScreen,1,91,,,Action,,,Not available (only token),
,,,ZoomSto,ZoomSto,SauveFen,1,92,,,Action,,,,
,,,Text(,Text(,Texte(,1,93,,,Function,,,,
,,, nPr , nPr , Arrangement,1,94,,,Infix operator,,,,
,,, nCr , nCr ,Combinaison ,1,95,,,Infix operator,,,,
,,,FnOn ,FnOn ,FonctAff ,1,96,,,Function,,,,
,,,FnOff ,FnOff ,FonctNAff ,1,97,,,Function,,,,
,,,StorePic ,StorePic ,SauveImage ,1,98,,,Function,,,,
,,,RecallPic ,RecallPic ,RappelImage ,1,99,,,Function,,,,
,,,StoreGDB ,StoreGDB ,SauveBDG ,1,9A,,,Function,,,,
,,,RecallGDB ,RecallGDB ,RappelBDG ,1,9B,,,Function,,,,
,,,Line(,Line(,Ligne(,1,9C,,,Function,,,,
,,,Vertical ,Vertical ,Verticale ,1,9D,,,Function,,,,
,,,Pt-On(,Pt-On(,Pt-Aff(,1,9E,,,Function,,,,
,,,Pt-Off(,Pt-Off(,Pt-Naff(,1,9F,,,Function,,,,
,,,Pt-Change(,Pt-Change(,Pt-Change(,1,A0,,,Function,,,,
,,,Pxl-On(,Pxl-On(,Pxl-Aff(,1,A1,,,Function,,,,
,,,Pxl-Off(,Pxl-Off(,Pxl-Naff(,1,A2,,,Function,,,,
,,,Pxl-Change(,Pxl-Change(,Pxl-Change(,1,A3,,,Function,,,,
,,,Shade(,Shade(,Ombre(,1,A4,,,Function,,,,
,,,Circle(,Circle(,Cercle(,1,A5,,,Function,,,,
,,,Horizontal ,Horizontal ,Horizontale ,1,A6,,,Function,,,,
,,,Tangent(,Tangent(,Tangente(,1,A7,,,Function,,,,
,,,DrawInv ,DrawInv ,DessRecip ,1,A8,,,Function,,,,
,,,DrawF ,DrawF ,DessFonct ,1,A9,,,Function,,,,
,,,Str1,Str1,Chaine1,2,AA,0,Read/Write,Variable,,,,
,,,Str2,Str2,Chaine2,2,AA,1,Read/Write,Variable,,,,
,,,Str3,Str3,Chaine3,2,AA,2,Read/Write,Variable,,,,
,,,Str4,Str4,Chaine4,2,AA,3,Read/Write,Variable,,,,
,,,Str5,Str5,Chaine5,2,AA,4,Read/Write,Variable,,,,
,,,Str6,Str6,Chaine6,2,AA,5,Read/Write,Variable,,,,
,,,Str7,Str7,Chaine7,2,AA,6,Read/Write,Variable,,,,
,,,Str8,Str8,Chaine8,2,AA,7,Read/Write,Variable,,,,
,,,Str9,Str9,Chaine9,2,AA,8,Read/Write,Variable,,,,
,,,Str0,Str0,Chaine0,2,AA,9,Read/Write,Variable,,,,
,,,VARSTRING,VARSTRING,VARSTRING,1,AA,,,Other,,,,
,,,rand,rand,NbrAléat,1,AB,,,Function,None,,,
,,,\u03c0,π,π,1,AC,,Read-only,Constant,,,,
,,,getKey,getKey,codetouch(,1,AD,,,Function,None,,,
,,,',',',1,AE,,,Text/Symbol only,,,,
,,,?,?,?,1,AF,,,Text/Symbol only,,,,
,,,\u00ad,⁻,⁻,1,B0,,,Text/Symbol only,,,,
,,,int(,int(,partEnt(,1,B1,,,Function,,,,
,,,abs(,abs(,abs(,1,B2,,,Function,,,,
,,,det(,det(,dét(,1,B3,,,Function,,,,
,,,identity(,identity(,identité(,1,B4,,,Function,,,,
,,,dim(,dim(,dim(,1,B5,,,Function,,,,
,,,sum(,sum(,somme(,1,B6,,,Function,,,,
,,,prod(,prod(,prod(,1,B7,,,Function,,,,
,,,not(,not(,non(,1,B8,,,Function,,,,
,,,iPart(,iPart(,ent(,1,B9,,,Function,,,,
,,,fPart(,fPart(,partDéc(,1,BA,,,Function,,,,
,,,npv(,npv(,vactNet(,2,BB,0,,Function,,,,
,,,irr(,irr(,tauxRi(,2,BB,1,,Function,,,,
,,,bal(,bal(,paSolde(,2,BB,2,,Function,,,,
,,,\u03a3Prn(,ΣPrn(,paSomPrinc(,2,BB,3,,Function,,,,
,,,\u03a3Int(,ΣInt(,ΣInt(,2,BB,4,,Function,,,,
,,,\uf014Nom(,►Nom(,►Nom(,2,BB,5,,Function,,,,
,,,\uf014Eff(,►Eff(,►Eff(,2,BB,6,,Function,,,,
,,,dbd(,dbd(,jed(,2,BB,7,,Function,,,,
,,,lcm(,lcm(,ppcm(,2,BB,8,,Function,,,,
,,,gcd(,gcd(,pgcd(,2,BB,9,,Function,,,,
,,,randInt(,randInt(,entAléat(,2,BB,0A,,Function,,,,
,,,randBin(,randBin(,BinAléat(,2,BB,0B,,Function,,,,
,,,sub(,sub(,Sous-chaine(,2,BB,0C,,Function,,,,
,,,stdDev(,stdDev(,Ecart-type(,2,BB,0D,,Function,,,,
,,,variance(,variance(,variance(,2,BB,0E,,Function,,,,
,,,inString(,inString(,carChaine(,2,BB,0F,,Function,,,,
,,,normalcdf(,normalcdf(,normalFRép(,2,BB,10,,Function,,,,
,,,invNorm(,invNorm(,FracNormale(,2,BB,11,,Function,,,,
,,,tcdf(,tcdf(,studentFRép(,2,BB,12,,Function,,,,
,,,\u03c7\u00b2cdf(,χ²cdf(,X²FRép(	,2,BB,13,,Function,,,,
,,,\uf021cdf(,Fcdf(,FFRép(,2,BB,14,,Function,,,,
,,,binompdf(,binompdf(,binomfdp(,2,BB,15,,Function,,,,
,,,binomcdf(,binomcdf(,binomFRép(,2,BB,16,,Function,,,,
,,,poissonpdf(,poissonpdf(,poissonFdp(,2,BB,17,,Function,,,,
,,,poissoncdf(,poissoncdf(,poissonFRép(,2,BB,18,,Function,,,,
,,,geometpdf(,geometpdf(,géomtFdp(,2,BB,19,,Function,,,,
,,,geometcdf(,geometcdf(,géomtFRép(,2,BB,1A,,Function,,,,
,,,normalpdf(,normalpdf(,normalFdp(,2,BB,1B,,Function,,,,
,,,tpdf(,tpdf(,StudentFdp(,2,BB,1C,,Function,,,,
,,,\u03c7\u00b2pdf(,χ²pdf(,Χ²Fdp(,2,BB,1D,,Function,,,,
,,,\uf021pdf(,Fpdf(,Ffdp(,2,BB,1E,,Function,,,,
,,,randNorm(,randNorm(,normAléat(,2,BB,1F,,Function,,,,
,,,tvm_Pmt,tvm_Pmt,vatPmt,2,BB,20,Read-only,Variable,,,,
,,,tvm_I%,tvm_I%,vat_I%,2,BB,21,Read-only,Variable,,,,
,,,tvm_PV,tvm_PV,vat_Vact,2,BB,22,Read-only,Variable,,,,
,,,tvm_\u015a,tvm_N,vat_N,2,BB,23,Read-only,Variable,,,,
,,,tvm_FV,tvm_FV,vat_vacq,2,BB,24,Read-only,Variable,,,,
,,,conj(,conj(,conj(,2,BB,25,,Function,,,,
,,,real(,real(,reel(,2,BB,26,,Function,,,,
,,,imag(,imag(,imag(,2,BB,27,,Function,,,,
,,,angle(,angle(,argument(,2,BB,28,,Function,,,,
,,,cumSum(,cumSum(,somCum(,2,BB,29,,Function,,,,
,,,expr(,expr(,expr(,2,BB,2A,,Function,,,,
,,,length(,length(,longueur(,2,BB,2B,,Function,,,,
,,,\uf024List(,ΔList(,Δliste(,2,BB,2C,,Function,,,,
,,,ref(,ref(,Gauss(,2,BB,2D,,Function,,,,
,,,rref(,rref(,Gauss-Jordan(,2,BB,2E,,Function,,,,
,,,\uf014Rect,►Rect,►Rect,2,BB,2F,,Postfix operator,,,,
,,,\uf014Polar,►Polar,►Polaire,2,BB,30,,Postfix operator,,,,
,,,\uf03f,e,e,2,BB,31,Read-only,Constant,,,,
,,,SinReg ,SinReg ,RegSin ,2,BB,32,,Function,,,,
,,,Logistic ,Logistic ,Logistique ,2,BB,33,,Function,,,,
,,,LinRegTTest ,LinRegTTest ,RegLinTTest ,2,BB,34,,Function,,,,
,,,ShadeNorm(,ShadeNorm(,OmbreNorm(,2,BB,35,,Function,,,,
,,,Shade_t(,Shade_t(,Ombre_t(,2,BB,36,,Function,,,,
,,,Shade\u03c7\u00b2(,Shadeχ²(,Ombreχ²(,2,BB,37,,Function,,,,
,,,Shade\uf021(,ShadeF(,OmbreF(,2,BB,38,,Function,,,,
,,,Matr\uf014list(,Matr►list(,Matr►list(,2,BB,39,,Function,,,,
,,,List\uf014matr(,List►matr(,List►matr(,2,BB,3A,,Function,,,,
,,,Z-Test(,Z-Test(,Z-Test(,2,BB,3B,,Function,,,,
,,,T-Test ,T-Test ,T-Test ,2,BB,3C,,Function,,,,
,,,2-SampZTest(,2-SampZTest(,2-CompZTest(,2,BB,3D,,Function,,,,
,,,1-PropZTest(,1-PropZTest(,1-PropZTest(,2,BB,3E,,Function,,,,
,,,2-PropZTest(,2-PropZTest(,2-PropZTest(,2,BB,3F,,Function,,,,
,,,\u03c7\u00b2-Test(,χ²-Test(,χ²-Test(,2,BB,40,,Function,,,,
,,,ZInterval ,ZInterval ,ZintConf ,2,BB,41,,Function,,,,
,,,2-SampZInt(,2-SampZInt(,2-CompZIntC(,2,BB,42,,Function,,,,
,,,1-PropZInt(,1-PropZInt(,1-PropZInt(,2,BB,43,,Function,,,,
,,,2-PropZInt(,2-PropZInt(,2-PropZInt(,2,BB,44,,Function,,,,
,,,GraphStyle(,GraphStyle(,GraphStyle(,2,BB,45,,Function,,,,
,,,2-SampTTest ,2-SampTTest ,2-CompTTest( ,2,BB,46,,Function,,,,
,,,2-Samp\uf021Test ,2-SampFTest ,2-CompFTest( ,2,BB,47,,Function,,,,
,,,TInterval ,TInterval ,TintConf ,2,BB,48,,Function,,,,
,,,2-SampTInt ,2-SampTInt ,2-CompTIntC( ,2,BB,49,,Function,,,,
,,,SetUpEditor ,SetUpEditor ,ListesDéfaut ,2,BB,4A,,Function,,,,
,,,Pmt_End,Pmt_End,Pmt_Fin,2,BB,4B,,Action,,,,
,,,Pmt_Bgn,Pmt_Bgn,Pmt_Déb,2,BB,4C,,Action,,,,
,,,Real,Real,Réel,2,BB,4D,,Action,,,,
,,,r\uf03f^\u03b8\uf02f,re^θi,re^θi,2,BB,4E,,Action,,,,
,,,a+b\uf02f,a+bi,a+bi,2,BB,4F,,Action,,,,
,,,ExprOn,ExprOn,ExpAff,2,BB,50,,Action,,,,
,,,ExprOff,ExprOff,ExpNAff,2,BB,51,,Action,,,,
,,,ClrAllLists,ClrAllLists,EffToutListes,2,BB,52,,Action,,,,
,,,GetCalc(,GetCalc(,GetCalc(,2,BB,53,,Function,,,,
,,,DelVar ,DelVar ,EffVar ,2,BB,54,,Function,,,,
,,,Equ\uf014String(,Equ►String(,Equ►Chaine(,2,BB,55,,Function,,,,
,,,String\uf014Equ(,String►Equ(,Chaine►Equ(,2,BB,56,,Function,,,,
,,,Clear Entries,Clear Entries,Efface entrées,2,BB,57,,Action,,,,
,,,Select(,Select(,Sélect(,2,BB,58,,Function,,,,
,,,ANOVA(,ANOVA(,ANUVA(,2,BB,59,,Function,,,,
,,,ModBoxplot,ModBoxplot,GraphBoitMoust,2,BB,5A,,Other,,,,
,,,NormProbPlot,NormProbPlot,GraphProbNorm,2,BB,5B,,Other,,,,
,,,G\u2014T,G-T,G-T,2,BB,64,,Action,,,,
,,,ZoomFit,ZoomFit,ZminMax,2,BB,65,,Action,,,,
,,,DiagnosticOn,DiagnosticOn,CorrelAff,2,BB,66,,Action,,,,
,,,DiagnosticOff,DiagnosticOff,CorrelNAff,2,BB,67,,Action,,,,
,,,Archive ,Archive ,Archive ,2,BB,68,,Function,,,,
,,,UnArchive ,UnArchive ,DésArchive ,2,BB,69,,Function,,,,
,,,Asm(,Asm(,Asm(,2,BB,6A,,Function,,,,
,,,AsmComp(,AsmComp(,AsmComp(,2,BB,6B,,Function,,,,
,,,AsmPrgm,AsmPrgm,AsmPrgm,2,BB,6C,,BASIC instruction only,,,,
,,,compiled asm,compiled asm,compiled asm,2,BB,6D,,Other,,,,
,,,\u00c1,Á,Á,2,BB,6E,,Text/Symbol only,,,,
,,,\u00c0,À,À,2,BB,6F,,Text/Symbol only,,,,
,,,\u00c2,Â,Â,2,BB,70,,Text/Symbol only,,,,
,,,\u00c4,Ä,Ä,2,BB,71,,Text/Symbol only,,,,
,,,\u00e1,á,á,2,BB,72,,Text/Symbol only,,,,
,,,\u00e0,à,à,2,BB,73,,Text/Symbol only,,,,
,,,\u00e2,â,â,2,BB,74,,Text/Symbol only,,,,
,,,\u00e4,ä,ä,2,BB,75,,Text/Symbol only,,,,
,,,\u00c9,É,É,2,BB,76,,Text/Symbol only,,,,
,,,\u00c8,È,È,2,BB,77,,Text/Symbol only,,,,
,,,\u00ca,Ê,Ê,2,BB,78,,Text/Symbol only,,,,
,,,\u00cb,Ë,Ë,2,BB,79,,Text/Symbol only,,,,
,,,\u00e9,é,é,2,BB,7A,,Text/Symbol only,,,,
,,,\u00e8,è,è,2,BB,7B,,Text/Symbol only,,,,
,,,\u00ea,ê,ê,2,BB,7C,,Text/Symbol only,,,,
,,,\u00eb,ë,ë,2,BB,7D,,Text/Symbol only,,,,
,,,\u00cc,Ì,Ì,2,BB,7F,,Text/Symbol only,,,,
,,,\u00ce,Î,Î,2,BB,80,,Text/Symbol only,,,,
,,,\u00cf,Ï,Ï,2,BB,81,,Text/Symbol only,,,,
,,,\u00ed,í,í,2,BB,82,,Text/Symbol only,,,,
,,,\u00ec,ì,ì,2,BB,83,,Text/Symbol only,,,,
,,,\u00ee,î,î,2,BB,84,,Text/Symbol only,,,,
,,,\u00ef,ï,ï,2,BB,85,,Text/Symbol only,,,,
,,,\u00d3,Ó,Ó,2,BB,86,,Text/Symbol only,,,,
,,,\u00d2,Ò,Ò,2,BB,87,,Text/Symbol only,,,,
,,,\u00d4,Ô,Ô,2,BB,88,,Text/Symbol only,,,,
,,,\u00d6,Ö,Ö,2,BB,89,,Text/Symbol only,,,,
,,,\u00f3,ó,ó,2,BB,8A,,Text/Symbol only,,,,
,,,\u00f2,ò,ò,2,BB,8B,,Text/Symbol only,,,,
,,,\u00f4,ô,ô,2,BB,8C,,Text/Symbol only,,,,
,,,\u00f6,ö,ö,2,BB,8D,,Text/Symbol only,,,,
,,,\u00da,Ú,Ú,2,BB,8E,,Text/Symbol only,,,,
,,,\u00d9,Ù,Ù,2,BB,8F,,Text/Symbol only,,,,
,,,\u00db,Û,Û,2,BB,90,,Text/Symbol only,,,,
,,,\u00dc,Ü,Ü,2,BB,91,,Text/Symbol only,,,,
,,,\u00fa,ú,ú,2,BB,92,,Text/Symbol only,,,,
,,,\u00f9,ù,ù,2,BB,93,,Text/Symbol only,,,,
,,,\u00fb,û,û,2,BB,94,,Text/Symbol only,,,,
,,,\u00fc,ü,ü,2,BB,95,,Text/Symbol only,,,,
,,,\u00c7,Ç,Ç,2,BB,96,,Text/Symbol only,,,,
,,,\u00e7,ç,ç,2,BB,97,,Text/Symbol only,,,,
,,,\u00d1,Ñ,Ñ,2,BB,98,,Text/Symbol only,,,,
,,,\u00f1,ñ,ñ,2,BB,99,,Text/Symbol only,,,,
,,,\u00b4,´,´,2,BB,9A,,Text/Symbol only,,,,
,,,\u00a8,¨,¨,2,BB,9C,,Text/Symbol only,,,,
,,,\u00bf,¿,¿,2,BB,9D,,Text/Symbol only,,,,
,,,\u00a1,¡,¡,2,BB,9E,,Text/Symbol only,,,,
,,,\u03b1,α,α,2,BB,9F,,Text/Symbol only,,,,
,,,\u03b2,β,β,2,BB,A0,,Text/Symbol only,,,,
,,,\u03b3,γ,γ,2,BB,A1,,Text/Symbol only,,,,
,,,\uf024,Δ,Δ,2,BB,A2,,Text/Symbol only,,,,
,,,\u03b4,δ,δ,2,BB,A3,,Text/Symbol only,,,,
,,,\u03b5,ε,ε,2,BB,A4,,Text/Symbol only,,,,
,,,\u03bb,λ,λ,2,BB,A5,,Text/Symbol only,,,,
,,,\u00b5,μ,μ,2,BB,A6,,Text/Symbol only,,,,
,,,\u03c1,|π,|π,2,BB,A7,,Text/Symbol only,,,,
,,,\u03c1,ρ,ρ,2,BB,A8,,Text/Symbol only,,,,
,,,\u03a3,Σ,Σ,2,BB,A9,,Text/Symbol only,,,,
,,,\u03c6,Φ,Φ,2,BB,AB,,Text/Symbol only,,,,
,,,\u03a9,Ω,Ω,2,BB,AC,,Text/Symbol only,,,,
,,,ṗ,ṗ,ṗ,2,BB,AD,,Text/Symbol only,,,,
,,,\u03c7,χ,χ,2,BB,AE,,Text/Symbol only,,,,
,,,|F,|F,|F,2,BB,AF,,Text/Symbol only,,,,
,,,a,a,a,2,BB,B0,,Text/Symbol only,,,,
,,,b,b,b,2,BB,B1,,Text/Symbol only,,,,
,,,c,c,c,2,BB,B2,,Text/Symbol only,,,,
,,,d,d,d,2,BB,B3,,Text/Symbol only,,,,
,,,e,e,e,2,BB,B4,,Text/Symbol only,,,,
,,,f,f,f,2,BB,B5,,Text/Symbol only,,,,
,,,g,g,g,2,BB,B6,,Text/Symbol only,,,,
,,,h,h,h,2,BB,B7,,Text/Symbol only,,,,
,,,i,i,i,2,BB,B8,,Text/Symbol only,,,,
,,,j,j,j,2,BB,B9,,Text/Symbol only,,,,
,,,k,k,k,2,BB,BA,,Text/Symbol only,,,,
,,,l,l,l,2,BB,BC,,Text/Symbol only,,,,
,,,m,m,m,2,BB,BD,,Text/Symbol only,,,,
,,,n,n,n,2,BB,BE,,Text/Symbol only,,,,
,,,o,o,o,2,BB,BF,,Text/Symbol only,,,,
,,,p,p,p,2,BB,C0,,Text/Symbol only,,,,
,,,q,q,q,2,BB,C1,,Text/Symbol only,,,,
,,,r,r,r,2,BB,C2,,Text/Symbol only,,,,
,,,s,s,s,2,BB,C3,,Text/Symbol only,,,,
,,,t,t,t,2,BB,C4,,Text/Symbol only,,,,
,,,u,u,u,2,BB,C5,,Text/Symbol only,,,,
,,,v,v,v,2,BB,C6,,Text/Symbol only,,,,
,,,w,w,w,2,BB,C7,,Text/Symbol only,,,,
,,,x,x,x,2,BB,C8,,Text/Symbol only,,,,
,,,y,y,y,2,BB,C9,,Text/Symbol only,,,,
,,,z,z,z,2,BB,CA,,Text/Symbol only,,,,
,,,\u03c3,σ,σ,2,BB,CB,,Text/Symbol only,,,,
,,,\u03c4,τ,τ,2,BB,CC,,Text/Symbol only,,,,
,,,\u00cd,Í,Í,2,BB,CD,,Text/Symbol only,,,,
,,,GarbageCollect,GarbageCollect,RéorganiserMém,2,BB,CE,,Action,,,,
,,,~,~,~,2,BB,CF,,Text/Symbol only,,,CF-DA: 83+ 1.15 or later,
,,,@,@,@,2,BB,D1,,Text/Symbol only,,,,
,,,#,#,#,2,BB,D2,,Text/Symbol only,,,,
,,,$,$,$,2,BB,D3,,Text/Symbol only,,,,
,,,&,&,&,2,BB,D4,,Text/Symbol only,,,,
,,,`,`,`,2,BB,D5,,Text/Symbol only,,,,
,,,;,;,;,2,BB,D6,,Text/Symbol only,,,,
,,,\,\,\,2,BB,D7,,Text/Symbol only,,,,
,,,|,|,|,2,BB,D8,,Text/Symbol only,,,,
,,,_,_,_,2,BB,D9,,Text/Symbol only,,,,
,,,%,%,%,2,BB,DA,,Postfix operator,,,,
,,,\u2026,…,…,2,BB,DB,,Text/Symbol only,,,DB-F5: 83+ 1.16 or later,
,,,\u2220,∠,∠,2,BB,DC,,Text/Symbol only,,,,
,,,\u00df,ß,ß,2,BB,DD,,Text/Symbol only,,,,
,,,\uf006,ˣ,ˣ,2,BB,DE,,Text/Symbol only,,,,
,,,\uf038,ᴛ,ᴛ,2,BB,DF,,Text/Symbol only,,,,
,,,\u2080,₀,₀,2,BB,E0,,Text/Symbol only,,,,
,,,\u2081,₁,₁,2,BB,E1,,Text/Symbol only,,,,
,,,\u2082,₂,₂,2,BB,E2,,Text/Symbol only,,,,
,,,\u2083,₃,₃,2,BB,E3,,Text/Symbol only,,,,
,,,\u2084,₄,₄,2,BB,E4,,Text/Symbol only,,,,
,,,\u2085,₅,₅,2,BB,E5,,Text/Symbol only,,,,
,,,\u2086,₆,₆,2,BB,E6,,Text/Symbol only,,,,
,,,\u2087,₇,₇,2,BB,E7,,Text/Symbol only,,,,
,,,\u2088,₈,₈,2,BB,E8,,Text/Symbol only,,,,
,,,\u2089,₉,₉,2,BB,E9,,Text/Symbol only,,,,
,,,\uf01d,₁₀,₁₀,2,BB,EA,,Text/Symbol only,,,,
,,,\uf00b,◄,◄,2,BB,EB,,Text/Symbol only,,,,
,,,\uf014,►,►,2,BB,EC,,Text/Symbol only,,,,
,,,\u2191,↑,↑,2,BB,ED,,Text/Symbol only,,,,
,,,\u2193,↓,↓,2,BB,EE,,Text/Symbol only,,,,
,,,\u00d7,×,×,2,BB,F0,,Text/Symbol only,,,,
,,,\u222b,∫,∫,2,BB,F1,,Text/Symbol only,,,,
,,,\uf015,bold ↑,bold ↑,2,BB,F2,,Text/Symbol only,,,,
,,,\uf016,bold ↓,bold ↓,2,BB,F3,,Text/Symbol only,,,,
,,,\u221a,√,√,2,BB,F4,,Text/Symbol only,,,,
,,,\u015c,inverted =,inverted =,2,BB,F5,,Text/Symbol only,,,,
,,,\u221a(,√(,√(,1,BC,,,Function,,,,
,,,\uf00d\u221a(,³√(,³√(,1,BD,,,Function,,,,
,,,ln(,ln(,ln(,1,BE,,,Function,,,,
,,,\uf03f^(,e^(,e^(,1,BF,,,Function,,,,
,,,log(,log(,log(,1,C0,,,Function,,,,
,,,\uf01d^(,₁₀^(,₁₀^(,1,C1,,,Function,,,,
,,,sin(,sin(,sin(,1,C2,,,Function,,,,
,,,sin\uf005(,sin⁻¹(,Arcsin(,1,C3,,,Function,,,,
,,,cos(,cos(,cos(,1,C4,,,Function,,,,
,,,cos\uf005(,cos⁻¹(,Arccos(,1,C5,,,Function,,,,
,,,tan(,tan(,tan(,1,C6,,,Function,,,,
,,,tan\uf005(,tan⁻¹(,Arctan(,1,C7,,,Function,,,,
,,,sinh(,sinh(,sh(,1,C8,,,Function,,,,
,,,sinh\uf005(,sinh⁻¹(,Argsh(,1,C9,,,Function,,,,
,,,cosh(,cosh(,ch(,1,CA,,,Function,,,,
,,,cosh\uf005(,soch⁻¹(,Argch(,1,CB,,,Function,,,,
,,,tanh(,tanh(,th(,1,CC,,,Function,,,,
,,,tanh\uf005(,tanh⁻¹(,Argth(,1,CD,,,Function,,,,
,,,If ,If ,If ,1,CE,,,BASIC instruction only,,,,
,,,Then,Then,Then,1,CF,,,BASIC instruction only,,,,
,,,Else,Else,Else,1,D0,,,BASIC instruction only,,,,
,,,While ,While ,While ,1,D1,,,BASIC instruction only,,,,
,,,Repeat ,Repeat ,Repeat ,1,D2,,,BASIC instruction only,,,,
,,,For(,For(,For(,1,D3,,,BASIC instruction only,,,,
,,,End,End,End,1,D4,,,BASIC instruction only,,,,
,,,Return,Return,Return,1,D5,,,BASIC instruction only,,,,
,,,Lbl ,Lbl ,Lbl ,1,D6,,,BASIC instruction only,,,,
,,,Goto ,Goto ,Goto ,1,D7,,,BASIC instruction only,,,,
,,,Pause ,Pause ,Pause ,1,D8,,,BASIC instruction only,,,,
,,,Stop,Stop,Stop,1,D9,,,BASIC instruction only,,,,
,,,IS>(,IS>(,IS>(,1,DA,,,BASIC instruction only,,,,
,,,DS<(,DS<(,DS<(,1,DB,,,BASIC instruction only,,,,
,,,Input ,Input ,Input ,1,DC,,,BASIC instruction only,,,,
,,,Prompt ,Prompt ,Prompt ,1,DD,,,BASIC instruction only,,,,
,,,Disp ,Disp ,Disp ,1,DE,,,BASIC instruction only,,,,
,,,DispGraph,DispGraph,AffGraph,1,DF,,,BASIC instruction only,,,,
,,,Output(,Output(,Output(,1,E0,,,BASIC instruction only,,,,
,,,ClrHome,ClrHome,EffEcran,1,E1,,,BASIC instruction only,,,,
,,,Fill(,Fill(,Remplir(,1,E2,,,Function,,,,
,,,SortA(,SortA(,Tricroi(,1,E3,,,Function,,,,
,,,SortD(,SortD(,Tridécroi(,1,E4,,,Function,,,,
,,,DispTable,DispTable,AffTable,1,E5,,,Action,,,,
,,,Menu(,Menu(,Menu(,1,E6,,,Function,,,,
,,,Send(,Send(,Envoi(,1,E7,,,Function,,,,
,,,Get(,Get(,Capt(,1,E8,,,Function,,,,
,,,PlotsOn ,PlotsOn ,GraphAff ,1,E9,,,Action,,,,
,,,PlotsOff ,PlotsOff ,GraphNAff ,1,EA,,,Action,,,,
,,,\u230a,⌊,⌊,1,EB,,,Other,,,,
,,,Plot1(,Plot1(,Graph1(,1,EC,,,Function,,,,
,,,Plot2(,Plot2(,Graph2(,1,ED,,,Function,,,,
,,,Plot3(,Plot3(,Graph3(,1,EE,,,Function,,,,
,,,setDate(,setDate(,défDate(,2,EF,0,,Function,,,EFXX tokens are TI-84+ and later only,
,,,setTime(,setTime(,défHeure(,2,EF,1,,Function,,,,
,,,checkTmr(,checkTmr(,AffMintr(,2,EF,2,,Function,,,,
,,,setDtFmt(,setDtFmt(,défFmtDt(,2,EF,3,,Function,,,,
,,,setTmFmt(,setTmFmt(,défFmtHr(,2,EF,4,,Function,,,,
,,,timeCnv(,timeCnv(,convHeur(,2,EF,5,,Function,,,,
,,,dayOfWk(,dayOfWk(,joursem(,2,EF,6,,Function,,,,
,,,getDtStr(,getDtStr(,AffChDt(,2,EF,7,,Function,,,,
,,,getTmStr(,getTmStr(,affChHr(,2,EF,8,,Function,,,,
,,,getDate,getDate,affDate,2,EF,9,,Function,,,,
,,,getTime,getTime,affHeure,2,EF,0A,,Function,,,,
,,,startTmr,startTmr,actMintr ,2,EF,0B,,Function,,,,
,,,getDtFmt,getDtFmt,affFmtDt,2,EF,0C,,Function,,,,
,,,getTmFmt,getTmFmt,affFmtHr,2,EF,0D,,Function,,,,
,,,isClockOn,isClockOn,actHorl,2,EF,0E,,Function,,,,
,,,ClockOff,ClockOff,HorlNAff,2,EF,0F,,Action,,,,
,,,ClockOn,ClockOn,HorlAff,2,EF,10,,Action,,,,
,,,OpenLib(,OpenLib(,OuvrirBiblio(,2,EF,11,,Function,,,,
,,,ExecLib,ExecLib,ExécBiblio,2,EF,12,,Action,,,,
,,,invT(,invT(,invT(,2,EF,13,,Function,,,,
,,,\u03c7\u00b2GOF-Test(,χ²GOF-Test(,χ²GOF-Test(,2,EF,14,,Function,,,,
,,,LinRegTInt ,LinRegTInt ,LinRegTInt ,2,EF,15,,Function,,,,
,,,Manual-Fit ,Manual-Fit ,Manual-Fit ,2,EF,16,,Function,,,,
,,,ZQuadrant1,ZQuadrant1,ZQuadrant1,2,EF,17,,Action,,,,
,,,ZFrac1\uf01e2,ZFrac1⁄2,ZFrac1⁄2,2,EF,18,,Action,,,,
,,,ZFrac1\uf01e3,ZFrac1⁄3,ZFrac1⁄3,2,EF,19,,Action,,,,
,,,ZFrac1\uf01e4,ZFrac1⁄4,ZFrac1⁄4,2,EF,1A,,Action,,,,
,,,ZFrac1\uf01e5,ZFrac1⁄5,ZFrac1⁄5,2,EF,1B,,Action,,,,
,,,ZFrac1\uf01e8,ZFrac1⁄8,ZFrac1⁄8,2,EF,1C,,Action,,,,
,,,ZFrac1\uf01e10,ZFrac1⁄10,ZFrac1⁄10,2,EF,1D,,Action,,,,
,,,matprintbox,matprintbox,matprintbox,2,EF,1E,,Other,,,,
,,,\uf01e,⁄,⁄,2,EF,2E,,Text/Symbol only,,,,
,,,\u2423,ᵤ,ᵤ,2,EF,2F,,Text/Symbol only,,,,
,,,\uf014n\uf01ed\uf00b\uf014Un\uf01ed,►n⁄d◄►Un⁄d,►n⁄d◄►Un⁄d,2,EF,30,,Postfix operator,,,,
,,,\uf014F\uf00b\uf014D,►F◄►D,►F◄►D,2,EF,31,,Postfix operator,,,,
,,,remainder(,remainder(,remainder(,2,EF,32,,Function,,,,
,,,\u03a3(,Σ(,Σ(,2,EF,33,,Function,,,,
,,,logBASE(,logBASE(,logBASE(,2,EF,34,,Function,,,,
,,,randIntNoRep(,randIntNoRep(,randIntNoRep(,2,EF,35,,Function,,,,
,,,CLASSIC,CLASSIC,CLASSIC,2,EF,36,,Action,,,Alias ?,
,,,MATHPRINT,MATHPRINT,MATHPRINT,2,EF,37,,Action,,,,
,,,CLASSIC,CLASSIC,CLASSIC,2,EF,38,,Action,,,,
,,,n\uf01ed,n⁄d,n⁄d,2,EF,39,,Action,,,,
,,,Un\uf01ed,Un⁄d,Un⁄d,2,EF,3A,,Action,,,,
,,,AUTO,AUTO,AUTO,2,EF,3B,,Action,,,,
,,,DEC,DEC,DEC,2,EF,3C,,Action,,,,
,,,FRAC,FRAC,FRAC,2,EF,3D,,Action,,,,
,,,FRAC-APPROX,FRAC-APPROX,FRAC-APPROX,2,EF,3D,,Action,,,Alias / Old,
,,,STATWIZARD ON,STATWIZARD ON,STATWIZARD ON,2,EF,3F,,Action,,,,
,,,STATWIZARD OFF,STATWIZARD OFF,STATWIZARD OFF,2,EF,40,,Action,,,,
,,,BLUE,BLUE,BLEU,2,EF,41,,Action,,,,
,,,RED,RED,ROUGE,2,EF,42,,Action,,,,
,,,BLACK,BLACK,NOIR,2,EF,43,,Action,,,,
,,,MAGENTA,MAGENTA,MAGENTA,2,EF,44,,Action,,,,
,,,GREEN,GREEN,VERT,2,EF,45,,Action,,,,
,,,ORANGE,ORANGE,ORANGE,2,EF,46,,Action,,,,
,,,BROWN,BROWN,MARRON,2,EF,47,,Action,,,,
,,,NAVY,NAVY,BLEU MRN,2,EF,48,,Action,,,,
,,,LTBLUE,LTBLUE,BLEU CLR,2,EF,49,,Action,,,,
,,,YELLOW,YELLOW,JAUNE,2,EF,4A,,Action,,,,
,,,WHITE,WHITE,BLANC,2,EF,4B,,Action,,,,
,,,LTGRAY,LTGRAY,GRIS CLR,2,EF,4C,,Action,,,,
,,,MEDGRAY,MEDGRAY,GRIS MOY,2,EF,4D,,Action,,,,
,,,GRAY,GRAY,GRIS,2,EF,4E,,Action,,,,
,,,DARKGRAY,DARKGRAY,GRIS FON,2,EF,4F,,Action,,,,
,,,Image1,Image1,Image1,2,EF,50,Read/Write,Variable,,,,
,,,Image2,Image2,Image2,2,EF,51,Read/Write,Variable,,,,
,,,Image3,Image3,Image3,2,EF,52,Read/Write,Variable,,,,
,,,Image4,Image4,Image4,2,EF,53,Read/Write,Variable,,,,
,,,Image5,Image5,Image5,2,EF,54,Read/Write,Variable,,,,
,,,Image6,Image6,Image6,2,EF,55,Read/Write,Variable,,,,
,,,Image7,Image7,Image7,2,EF,56,Read/Write,Variable,,,,
,,,Image8,Image8,Image8,2,EF,57,Read/Write,Variable,,,,
,,,Image9,Image9,Image9,2,EF,58,Read/Write,Variable,,,,
,,,Image0,Image0,Image0,2,EF,59,Read/Write,Variable,,,,
,,,GridLine ,GridLine ,LigneAff ,2,EF,5A,,Action,,,,
,,,BackgroundOn ,BackgroundOn ,ArrPlanAff ,2,EF,5B,,Action,,,,
,,,BackgroundOff,BackgroundOff,ArrPlanNAff,2,EF,64,,Action,,,,
,,,GraphColor(,GraphColor(,CouleurGraph(,2,EF,65,,Function,,,,
,,,TextColor(,TextColor(,CouleurTexte(,2,EF,67,,Function,,,,
,,,Asm84CPrgm,Asm84CPrgm,Asm84CPrgm,2,EF,68,,BASIC instruction only,,,,
,,,DetectAsymOn,DetectAsymOn,DétectAsymAct,2,EF,6A,,Action,,,,
,,,DetectAsymOff,DetectAsymOff,DétectAsymDés,2,EF,6B,,Action,,,,
,,,BorderColor ,BorderColor ,CouleurBord ,2,EF,6C,,Function,,,,
,,,\u00b7,·,·,2,EF,73,,Other,,,,
,,,Thin,Thin,Fin,2,EF,74,,Action,,,,
,,,Dot-Thin,Dot-Thin,Point fin,2,EF,75,,Action,,,,
,,,Asm83CEPrgm,Asm83CEPrgm,Asm83CEPrgm,2,EF,7A,,BASIC instruction only,,,,
,,,Asm84CEPrgm,Asm84CEPrgm,Asm84CEPrgm,2,EF,7A,,BASIC instruction only,,,,
,,,SEQ(\uF00E),SEQ(n),SEQ(n),2,EF,8F,,Action,,,CE OS 5.2+,
,,,SEQ(\uF00E+2),SEQ(n+1),SEQ(n+1),2,EF,90,,Action,,,CE OS 5.2+,
,,,SEQ(\uF00E+1),SEQ(n+2),SEQ(n+2),2,EF,91,,Action,,,CE OS 5.2+,
,,,LEFT,LEFT,GAUCHE,2,EF,92,,Action,,,CE OS 5.2+,
,,,CENTER,CENTER,CENTRE,2,EF,93,,Action,,,CE OS 5.2+,
,,,RIGHT,RIGHT,DROITE,2,EF,94,,Action,,,CE OS 5.2+,
,,,invBinom(,invBinom(,invBinom(,2,EF,95,,Function,,,CE OS 5.2+,
,,,Wait ,Wait ,Wait ,2,EF,96,,Function,,,CE OS 5.2+,
,,,toString(,toString(,versChaîne(,2,EF,97,,Function,,,CE OS 5.2+,
,,,eval(,eval(,eval(,2,EF,98,,Function,,,CE OS 5.2+,
,,,^,^,^,1,F0,,,Infix operator,,,,
,,,\uf006\u221a,ˣ√,ˣ√,1,F1,,,Infix operator,,,,
,,,1-Var Stats ,1-Var Stats ,Stats 1-Var ,1,F2,,,Function,,,,
,,,2-Var Stats ,2-Var Stats ,Stats 2-Var ,1,F3,,,Function,,,,
,,,LinReg(a+bx) ,LinReg(a+bx) ,RegLin(a+bx) ,1,F4,,,Function,,,,
,,,ExpReg ,ExpReg ,RegExp ,1,F5,,,Function,,,,
,,,LnReg ,LnReg ,RegLn ,1,F6,,,Function,,,,
,,,PwrReg ,PwrReg ,RegPuiss ,1,F7,,,Function,,,,
,,,Med-Med ,Med-Med ,Med-Med ,1,F8,,,Function,,,,
,,,QuadReg ,QuadReg ,RegQuad ,1,F9,,,Function,,,,
,,,ClrList ,ClrList ,EffListe ,1,FA,,,Function,,,,
,,,ClrTable,ClrTable,EffTable,1,FB,,,Function,,,,
,,,Histogram,Histogram,Histogramme,1,FC,,,Other,,,,
,,,xyLine,xyLine,Polygone,1,FD,,,Other,,,,
,,,Scatter,Scatter,Nuage,1,FE,,,Other,,,,
,,,LinReg(ax+b) ,LinReg(ax+b) ,RegLin(ax+b) ,1,FF,,,Function,,,,
